congress,chamber,party_code,party_name,n_members,nominate_dim1_median,nominate_dim2_median,nominate_dim1_mean,nominate_dim2_mean
1,President,5000,Pro-Administration,1,,,,
1,House,4000,Anti-Administration,29,0.018,0.092,-0.024379310344827595,0.14193103448275857
1,House,5000,Pro-Administration,37,0.578,0.057,0.5278378378378378,0.02575675675675677
1,Senate,4000,Anti-Administration,9,-0.2375,-0.213,-0.23975,-0.04475000000000001
1,Senate,5000,Pro-Administration,20,0.427,-0.3085,0.3520499999999999,-0.16620000000000001
2,President,5000,Pro-Administration,1,,,,
2,House,4000,Anti-Administration,32,-0.022,-0.079,-0.03909677419354839,-0.12206451612903224
2,House,5000,Pro-Administration,40,0.533,0.0825,0.5304,0.081625
2,Senate,4000,Anti-Administration,14,-0.392,-0.544,-0.36121428571428577,-0.308
2,Senate,5000,Pro-Administration,17,0.446,-0.252,0.3864117647058823,-0.11788235294117644
3,President,5000,Pro-Administration,1,,,,
3,House,4000,Anti-Administration,56,-0.072,-0.151,-0.07198181818181817,-0.16261818181818177
3,House,5000,Pro-Administration,54,0.5894999999999999,0.0745,0.5637115384615387,0.05111538461538461
3,Senate,4000,Anti-Administration,15,-0.37,-0.548,-0.3769333333333334,-0.432
3,Senate,5000,Pro-Administration,18,0.5705,-0.179,0.5734999999999999,0.0038888888888888922
4,President,1,Federalist,1,,,,
4,House,1,Federalist,54,0.6034999999999999,0.1375,0.5615555555555557,0.14103703703703702
4,House,13,Democrat-Republican,61,-0.0975,-0.033,-0.11894999999999997,6.66666666666644e-05
4,Senate,1,Federalist,29,0.6185,-0.046,0.5752500000000002,0.031178571428571444
4,Senate,13,Democrat-Republican,14,-0.37,-0.462,-0.3927692307692308,-0.34969230769230764
5,President,1,Federalist,1,,,,
5,House,1,Federalist,64,0.622,-0.0165,0.5969218749999999,0.026218750000000006
5,House,13,Democrat-Republican,53,-0.108,-0.042,-0.13815094339622638,-0.07611320754716983
5,Senate,1,Federalist,31,0.717,-0.043,0.5952903225806452,0.03500000000000001
5,Senate,13,Democrat-Republican,14,-0.364,0.023,-0.32076923076923075,-0.15200000000000002
6,President,1,Federalist,1,,,,
6,House,1,Federalist,64,0.624,-0.07050000000000001,0.5918749999999999,-0.04340624999999999
6,House,13,Democrat-Republican,50,-0.068,-0.105,-0.10193877551020407,-0.16224489795918362
6,Senate,1,Federalist,27,0.625,0.036,0.5730000000000001,0.07748148148148148
6,Senate,13,Democrat-Republican,11,-0.277,0.023,-0.31718181818181823,-0.107
7,President,13,Democrat-Republican,1,0.018,0.516,0.018,0.516
7,House,1,Federalist,40,0.622,-0.17049999999999998,0.6072000000000001,-0.031924999999999995
7,House,13,Democrat-Republican,74,-0.052,0.057,-0.08423287671232879,-0.02539726027397259
7,Senate,1,Federalist,16,0.6890000000000001,-0.10750000000000001,0.6684999999999999,-0.10649999999999998
7,Senate,13,Democrat-Republican,20,-0.232,-0.22,-0.26868421052631575,-0.24163157894736847
8,President,13,Democrat-Republican,1,0.018,0.516,0.018,0.516
8,House,1,Federalist,40,0.615,-0.248,0.599102564102564,-0.21956410256410258
8,House,13,Democrat-Republican,110,-0.098,0.066,-0.10602752293577981,0.05273394495412846
8,Senate,1,Federalist,10,0.6665000000000001,-0.32899999999999996,0.6515000000000001,-0.17509999999999998
8,Senate,13,Democrat-Republican,34,-0.2125,-0.22,-0.24017647058823535,-0.2984117647058823
9,President,13,Democrat-Republican,1,0.018,0.516,0.018,0.516
9,House,1,Federalist,29,0.6074999999999999,-0.36950000000000005,0.5690357142857143,-0.37835714285714284
9,House,13,Democrat-Republican,120,-0.10350000000000001,0.0685,-0.09022881355932204,0.03726271186440681
9,Senate,1,Federalist,7,0.646,-0.409,0.6585714285714285,-0.23814285714285713
9,Senate,13,Democrat-Republican,30,-0.1255,-0.16399999999999998,-0.11176666666666665,-0.16503333333333334
10,President,13,Democrat-Republican,1,0.018,0.516,0.018,0.516
10,House,1,Federalist,27,0.599,-0.429,0.5270370370370372,-0.38851851851851854
10,House,13,Democrat-Republican,122,-0.099,0.066,-0.06680165289256197,0.05728925619834707
10,Senate,1,Federalist,7,0.619,-0.249,0.6241428571428571,-0.2367142857142857
10,Senate,13,Democrat-Republican,32,-0.065,0.068,-0.10064516129032258,-0.012290322580645158
11,President,13,Democrat-Republican,1,0.138,0.731,0.138,0.731
11,House,1,Federalist,51,0.586,-0.43,0.5370588235294118,-0.40727450980392166
11,House,13,Democrat-Republican,103,-0.108,0.095,-0.08787378640776701,0.10989320388349509
11,Senate,1,Federalist,10,0.643,-0.17049999999999998,0.6561999999999999,-0.20470000000000002
11,Senate,13,Democrat-Republican,34,-0.065,0.068,-0.07175757575757577,0.051575757575757566
12,President,13,Democrat-Republican,1,0.138,0.731,0.138,0.731
12,House,1,Federalist,37,0.591,-0.43,0.5015675675675676,-0.42505405405405405
12,House,13,Democrat-Republican,110,-0.10200000000000001,0.107,-0.09451818181818183,0.10936363636363637
12,Senate,1,Federalist,6,0.5945,-0.14650000000000002,0.6251666666666666,-0.17149999999999999
12,Senate,13,Democrat-Republican,31,-0.126,0.023,-0.0891935483870968,-0.0355483870967742
13,President,13,Democrat-Republican,1,0.138,0.731,0.138,0.731
13,House,1,Federalist,72,0.58,-0.392,0.5247042253521127,-0.33983098591549293
13,House,13,Democrat-Republican,124,-0.08449999999999999,0.219,-0.08957258064516131,0.22309677419354856
13,Senate,1,Federalist,10,0.563,-0.242,0.5939,-0.1883
13,Senate,13,Democrat-Republican,36,-0.2145,0.039,-0.12875,-0.008472222222222225
14,President,13,Democrat-Republican,1,0.138,0.731,0.138,0.731
14,House,1,Federalist,66,0.58,-0.415,0.5216000000000002,-0.3680923076923077
14,House,13,Democrat-Republican,133,-0.063,0.18,-0.056218045112781966,0.2003984962406016
14,Senate,1,Federalist,15,0.522,-0.182,0.5280666666666667,-0.1964
14,Senate,13,Democrat-Republican,29,-0.112,0.063,-0.12879310344827585,0.03334482758620689
15,President,13,Democrat-Republican,1,0.13,0.548,0.13,0.548
15,House,1,Federalist,40,0.472,-0.2845,0.41375,-0.26959999999999995
15,House,13,Democrat-Republican,155,0.020499999999999997,0.155,0.014701298701298725,0.12035714285714295
15,Senate,1,Federalist,13,0.522,-0.237,0.565,-0.28784615384615386
15,Senate,13,Democrat-Republican,33,-0.041,0.132,-0.07396969696969696,0.0806969696969697
16,President,13,Democrat-Republican,1,0.13,0.548,0.13,0.548
16,House,1,Federalist,28,0.37,0.156,0.2581785714285715,0.012321428571428554
16,House,13,Democrat-Republican,173,0.08399999999999999,0.262,0.03152325581395346,0.1974244186046512
16,Senate,1,Federalist,10,0.5994999999999999,-0.245,0.5972000000000001,-0.27809999999999996
16,Senate,13,Democrat-Republican,41,-0.026,0.052,0.012634146341463415,0.05636585365853655
17,President,13,Democrat-Republican,1,0.13,0.548,0.13,0.548
17,House,1,Federalist,36,0.36,0.147,0.27580000000000005,0.038199999999999984
17,House,13,Democrat-Republican,165,0.106,0.116,0.04647852760736191,0.0798895705521472
17,Senate,1,Federalist,5,0.575,-0.237,0.5668,-0.2076
17,Senate,13,Democrat-Republican,48,0.034,0.0455,0.08245833333333333,0.04402083333333332
18,President,13,Democrat-Republican,1,0.13,0.548,0.13,0.548
18,House,13,Democrat-Republican,4,0.257,0.635,0.34333333333333327,0.6073333333333334
18,House,1346,Jackson Republican,65,0.043,0.4585,-0.00140625000000001,0.416328125
18,House,6000,Crawford Federalist,2,0.202,-0.144,0.202,-0.144
18,House,7000,Jackson Federalist,7,0.153,0.338,0.13185714285714287,0.3691428571428571
18,House,7777,Crawford Republican,56,-0.305,-0.23,-0.19321818181818182,-0.1930727272727273
18,House,8000,Adams-Clay Federalist,15,0.289,0.04,0.24493333333333334,-0.19506666666666664
18,House,8888,Adams-Clay Republican,72,0.281,0.111,0.32314084507042246,0.04330985915492959
18,Senate,1346,Jackson Republican,12,-0.1835,-0.08349999999999999,-0.16058333333333333,-0.04266666666666666
18,Senate,7777,Crawford Republican,22,0.076,0.005999999999999998,0.10250000000000002,-0.05890909090909091
18,Senate,8000,Adams-Clay Federalist,5,0.57,-0.253,0.5224,-0.2444
18,Senate,8888,Adams-Clay Republican,14,0.23299999999999998,0.3745,0.22735714285714284,0.43757142857142856
19,President,22,Adams,1,0.396,-0.147,0.396,-0.147
19,House,22,Adams,113,0.227,0.069,0.22389285714285725,0.032348214285714307
19,House,555,Jackson,112,-0.189,0.28300000000000003,-0.18252678571428566,0.17816071428571428
19,Senate,22,Adams,26,0.37,0.38,0.3494,0.4073199999999999
19,Senate,555,Jackson,32,-0.142,-0.226,-0.09870967741935484,-0.2103225806451613
19,Senate,1346,Jackson Republican,1,-0.497,0.868,-0.497,0.868
19,Senate,7777,Crawford Republican,1,0.919,0.377,0.919,0.377
20,President,22,Adams,1,0.396,-0.147,0.396,-0.147
20,House,22,Adams,104,0.28200000000000003,0.11549999999999999,0.26475000000000004,0.09511538461538466
20,House,555,Jackson,118,-0.2205,0.242,-0.21379661016949156,0.17086440677966103
20,Senate,22,Adams,23,0.37,0.558,0.3368260869565217,0.479
20,Senate,555,Jackson,30,-0.0745,-0.23149999999999998,-0.09633333333333335,-0.1794666666666666
21,President,555,Jackson,1,-0.25,-0.098,-0.25,-0.098
21,House,26,Anti Masonic,5,0.267,0.136,0.279,0.14340000000000003
21,House,555,Jackson,142,-0.2625,0.0505,-0.24328873239436627,0.00183098591549298
21,House,1275,Anti-Jackson,74,0.294,0.147,0.29383561643835626,0.18787671232876718
21,Senate,555,Jackson,31,-0.0985,-0.187,-0.1577333333333333,-0.14119999999999996
21,Senate,1275,Anti-Jackson,23,0.395,0.38,0.38760869565217393,0.42165217391304344
22,President,555,Jackson,1,-0.25,-0.098,-0.25,-0.098
22,House,26,Anti Masonic,17,0.248,-0.033,0.25941176470588234,-0.01047058823529412
22,House,44,Nullifier,4,-0.3125,0.9085,-0.34324999999999994,0.8035
22,House,555,Jackson,130,-0.29,-0.08449999999999999,-0.27954615384615383,-0.05922307692307695
22,House,1275,Anti-Jackson,67,0.294,0.204,0.2892089552238807,0.20776119402985077
22,Senate,44,Nullifier,3,-0.04,-0.571,-0.03200000000000001,-0.5683333333333332
22,Senate,555,Jackson,29,-0.161,0.059,-0.2053793103448275,0.10848275862068969
22,Senate,1275,Anti-Jackson,23,0.4075,0.3095,0.4065454545454545,0.28277272727272723
23,President,555,Jackson,1,-0.25,-0.098,-0.25,-0.098
23,House,26,Anti Masonic,26,0.315,-0.0195,0.32803846153846156,-0.05811538461538463
23,House,44,Nullifier,10,-0.3765,0.884,-0.4025999999999999,0.7947
23,House,555,Jackson,150,-0.2665,-0.267,-0.2666133333333332,-0.18761333333333344
23,House,1275,Anti-Jackson,72,0.1875,0.2525,0.18865277777777778,0.2738750000000001
23,Senate,44,Nullifier,2,-0.0805,-0.061999999999999986,-0.0805,-0.061999999999999986
23,Senate,555,Jackson,25,-0.274,-0.021,-0.30032,0.11124000000000002
23,Senate,1275,Anti-Jackson,29,0.384,0.18,0.3120344827586207,0.13972413793103447
24,President,555,Jackson,1,-0.25,-0.098,-0.25,-0.098
24,House,26,Anti Masonic,16,0.356,-0.0805,0.349,-0.144375
24,House,29,Whig,2,0.17049999999999998,0.199,0.17049999999999998,0.199
24,House,44,Nullifier,8,-0.4585,0.86,-0.45099999999999996,0.8098749999999999
24,House,555,Jackson,149,-0.283,-0.36,-0.2967027027027027,-0.3120337837837837
24,House,1275,Anti-Jackson,80,0.0805,0.314,0.0771125,0.3194875000000002
24,Senate,44,Nullifier,2,-0.0805,-0.061999999999999986,-0.0805,-0.061999999999999986
24,Senate,555,Jackson,34,-0.344,-0.009500000000000001,-0.37852941176470584,0.0719705882352941
24,Senate,1275,Anti-Jackson,27,0.274,0.18,0.25718518518518524,0.166962962962963
25,President,100,Democrat,1,0.105,-0.969,0.105,-0.969
25,House,26,Anti Masonic,7,0.398,-0.146,0.37014285714285716,-0.13328571428571429
25,House,29,Whig,110,0.1745,0.2525,0.12190909090909095,0.27208181818181826
25,House,44,Nullifier,6,-0.5095000000000001,0.8155,-0.5071666666666667,0.7378333333333332
25,House,100,Democrat,134,-0.283,-0.418,-0.29730827067669185,-0.3626315789473684
25,House,328,Independent,1,-0.065,0.368,-0.065,0.368
25,Senate,29,Whig,19,0.181,0.181,0.21010526315789468,0.2663684210526316
25,Senate,100,Democrat,40,-0.34099999999999997,-0.1245,-0.364825,-0.03892499999999999
26,President,100,Democrat,1,0.105,-0.969,0.105,-0.969
26,House,26,Anti Masonic,6,0.3815,-0.2285,0.36766666666666664,-0.17750000000000002
26,House,29,Whig,121,0.209,0.2325,0.122775,0.2903583333333332
26,House,100,Democrat,128,-0.297,-0.452,-0.3210312500000002,-0.3693671875000001
26,House,112,Conservative,2,-0.35250000000000004,0.2905,-0.35250000000000004,0.2905
26,Senate,29,Whig,28,0.251,0.174,0.2073214285714286,0.2530714285714285
26,Senate,100,Democrat,32,-0.3695,-0.16949999999999998,-0.39009375,-0.10268750000000001
27,President,29,Whig,2,0.251,-0.968,0.251,-0.968
27,House,29,Whig,151,0.179,0.176,0.140569536423841,0.26105960264900663
27,House,100,Democrat,106,-0.3475,-0.3345,-0.36377358490566053,-0.26731132075471686
27,House,328,Independent,1,-0.576,0.749,-0.576,0.749
27,House,329,Ind. Democrat,1,-0.109,-0.17,-0.109,-0.17
27,Senate,29,Whig,34,0.251,0.2595,0.19973529411764707,0.24435294117647058
27,Senate,100,Democrat,25,-0.373,-0.161,-0.4052400000000001,-0.13648
28,President,29,Whig,1,0.251,-0.968,0.251,-0.968
28,House,29,Whig,80,0.251,0.21250000000000002,0.17136250000000008,0.23803749999999996
28,House,100,Democrat,152,-0.2815,-0.28049999999999997,-0.2981933333333333,-0.2535200000000001
28,House,329,Ind. Democrat,1,0.172,0.042,0.172,0.042
28,House,403,Law and Order,2,0.1765,0.1645,0.1765,0.1645
28,House,603,Ind. Whig,1,-0.092,0.545,-0.092,0.545
28,Senate,29,Whig,29,0.216,0.25,0.16941379310344834,0.24172413793103448
28,Senate,100,Democrat,30,-0.412,-0.2215,-0.4219333333333334,-0.12196666666666668
28,Senate,403,Law and Order,1,0.353,-0.355,0.353,-0.355
29,President,100,Democrat,1,-0.659,-0.504,-0.659,-0.504
29,House,29,Whig,84,0.23199999999999998,0.195,0.17432926829268297,0.25303658536585366
29,House,100,Democrat,150,-0.29,-0.2235,-0.32851999999999987,-0.21964000000000003
29,House,310,American,6,0.14500000000000002,0.037,0.1285,0.06483333333333334
29,Senate,29,Whig,26,0.28049999999999997,0.2235,0.24465384615384622,0.24496153846153845
29,Senate,100,Democrat,39,-0.43,-0.082,-0.428897435897436,-0.015435897435897447
29,Senate,1111,Liberty,1,0.907,0.29,0.907,0.29
30,President,100,Democrat,1,-0.659,-0.504,-0.659,-0.504
30,House,29,Whig,119,0.242,0.085,0.1973504273504273,0.19474358974358982
30,House,100,Democrat,115,-0.3375,-0.211,-0.34872807017543844,-0.214078947368421
30,House,310,American,1,0.013,0.24,0.013,0.24
30,House,328,Independent,1,0.552,-0.598,0.552,-0.598
30,House,329,Ind. Democrat,2,-0.129,-0.493,-0.129,-0.493
30,Senate,29,Whig,24,0.2115,0.248,0.2047916666666667,0.3165833333333333
30,Senate,100,Democrat,47,-0.398,-0.175,-0.38085106382978723,-0.175
30,Senate,329,Ind. Democrat,1,0.11,-0.8,0.11,-0.8
31,President,29,Whig,2,,,,
31,House,29,Whig,113,0.298,0.154,0.2391681415929203,0.18515929203539835
31,House,100,Democrat,120,-0.374,-0.159,-0.38658823529411757,-0.17901680672268905
31,House,300,Free Soil,9,0.425,-0.812,0.3874444444444445,-0.8141111111111111
31,House,310,American,1,0.013,0.24,0.013,0.24
31,House,328,Independent,1,0.013,0.246,0.013,0.246
31,Senate,29,Whig,29,0.244,0.243,0.18642857142857142,0.31889285714285703
31,Senate,100,Democrat,40,-0.377,-0.151,-0.374,-0.1298
31,Senate,300,Free Soil,2,0.2125,-0.8745,0.2125,-0.8745
32,President,29,Whig,1,,,,
32,House,29,Whig,89,0.289,0.149,0.24723595505617962,0.09784269662921355
32,House,46,States Rights,3,-0.421,0.087,-0.4513333333333333,0.06866666666666667
32,House,100,Democrat,129,-0.303,-0.163,-0.3051162790697674,-0.18642635658914727
32,House,300,Free Soil,4,0.47750000000000004,-0.8045,0.4525,-0.792
32,House,329,Ind. Democrat,3,-0.23,0.037,-0.17500000000000002,-0.010666666666666677
32,House,603,Ind. Whig,1,0.022,0.735,0.022,0.735
32,House,4444,Union,10,-0.40700000000000003,0.33699999999999997,-0.40840000000000004,0.308
32,Senate,29,Whig,26,0.102,0.2965,0.09449999999999997,0.3755769230769231
32,Senate,100,Democrat,44,-0.384,-0.051000000000000004,-0.37829545454545443,-0.1158863636363636
32,Senate,300,Free Soil,3,0.315,-0.8,0.25566666666666665,-0.6643333333333333
33,President,100,Democrat,1,0.256,0.132,0.256,0.132
33,House,29,Whig,77,0.2585,-0.069,0.19164473684210528,-0.06607894736842106
33,House,100,Democrat,159,-0.31,-0.099,-0.3002356687898089,-0.10733121019108281
33,House,300,Free Soil,4,0.294,-0.497,0.27599999999999997,-0.47725
33,House,328,Independent,1,0.103,-0.224,0.103,-0.224
33,House,329,Ind. Democrat,1,-0.214,-0.053,-0.214,-0.053
33,Senate,29,Whig,23,0.03,0.373,0.07056521739130434,0.379695652173913
33,Senate,100,Democrat,42,-0.384,0.008,-0.3622142857142857,-0.09090476190476185
33,Senate,300,Free Soil,4,0.4305,-0.5615,0.4705,-0.579
33,Senate,310,American,1,0.332,-0.22,0.332,-0.22
34,President,100,Democrat,1,0.256,0.132,0.256,0.132
34,House,100,Democrat,85,-0.432,-0.076,-0.396564705882353,-0.057294117647058836
34,House,200,Republican,1,0.549,-0.683,0.549,-0.683
34,House,310,American,52,0.0275,0.1605,0.10148076923076922,0.12184615384615384
34,House,3333,Opposition,100,0.313,-0.337,0.29087878787878785,-0.3219090909090908
34,Senate,100,Democrat,39,-0.405,0.033,-0.38038461538461543,0.009051282051282047
34,Senate,200,Republican,1,0.343,-0.291,0.343,-0.291
34,Senate,310,American,1,-0.361,-0.056,-0.361,-0.056
34,Senate,3333,Opposition,23,0.214,0.1585,0.13822727272727275,0.08640909090909087
35,President,100,Democrat,1,-0.721,-0.045,-0.721,-0.045
35,House,100,Democrat,136,-0.341,0.031,-0.3755629629629629,0.0852814814814815
35,House,200,Republican,94,0.3225,-0.367,0.32980851063829786,-0.39952127659574477
35,House,310,American,15,-0.072,0.343,-0.0754,0.36800000000000005
35,House,329,Ind. Democrat,2,-0.0965,0.08700000000000001,-0.0965,0.08700000000000001
35,Senate,100,Democrat,47,-0.421,0.137,-0.4084255319148937,0.1286595744680851
35,Senate,200,Republican,21,0.268,-0.228,0.2509523809523809,-0.35861904761904756
35,Senate,310,American,5,-0.08,0.453,-0.14579999999999999,0.40519999999999995
36,President,100,Democrat,1,-0.721,-0.045,-0.721,-0.045
36,House,100,Democrat,87,-0.437,-0.006,-0.4258620689655172,0.04245977011494255
36,House,108,Anti-Lecompton Democrat,8,-0.0019999999999999996,-0.09949999999999999,-0.010249999999999992,-0.075625
36,House,200,Republican,119,0.293,-0.2645,0.2945254237288137,-0.30152542372881375
36,House,310,American,5,0.068,0.512,0.0242,0.5722
36,House,329,Ind. Democrat,7,-0.425,0.397,-0.3871428571428571,0.24300000000000002
36,House,3334,Opposition,19,-0.091,0.156,-0.11205263157894735,0.2164736842105263
36,Senate,100,Democrat,41,-0.445,0.101,-0.43258536585365864,0.06597560975609758
36,Senate,200,Republican,27,0.244,-0.244,0.23907407407407402,-0.373
36,Senate,310,American,2,-0.108,0.4395,-0.108,0.4395
37,President,200,Republican,1,0.431,0.902,0.431,0.902
37,House,37,Constitutional Unionist,2,0.0335,0.595,0.0335,0.595
37,House,100,Democrat,52,-0.279,0.263,-0.23278431372549013,0.3102549019607843
37,House,200,Republican,114,0.3165,-0.2445,0.30658771929824563,-0.24439473684210528
37,House,206,Unionist,32,-0.001,0.444,0.004935483870967742,0.37877419354838715
37,House,329,Ind. Democrat,1,-0.334,0.942,-0.334,0.942
37,House,4444,Union,2,0.138,0.5740000000000001,0.138,0.5740000000000001
37,Senate,100,Democrat,29,-0.421,0.114,-0.39317241379310336,0.10144827586206898
37,Senate,200,Republican,37,0.214,-0.236,0.19974999999999996,-0.3460833333333333
37,Senate,206,Unionist,8,-0.183,0.208,-0.147,0.07175
38,President,200,Republican,1,0.431,0.902,0.431,0.902
38,House,100,Democrat,75,-0.306,0.11449999999999999,-0.2877162162162162,0.15677027027027024
38,House,200,Republican,86,0.3465,-0.135,0.3478953488372094,-0.09426744186046512
38,House,203,Unconditional Unionist,18,0.21600000000000003,0.2695,0.1797777777777778,0.13805555555555557
38,House,206,Unionist,9,-0.122,0.56,-0.19144444444444442,0.23166666666666666
38,House,331,Ind. Republican,2,0.09849999999999999,-0.5075,0.09849999999999999,-0.5075
38,Senate,100,Democrat,11,-0.303,0.265,-0.29618181818181816,0.29154545454545455
38,Senate,200,Republican,34,0.27,-0.1375,0.25064705882352944,-0.2096176470588235
38,Senate,203,Unconditional Unionist,5,0.025,-0.037,0.0244,-0.092
38,Senate,206,Unionist,5,-0.1915,0.386,-0.185,0.36125000000000007
39,President,200,Republican,2,0.431,0.902,0.431,0.902
39,House,100,Democrat,44,-0.33799999999999997,0.2315,-0.3575000000000001,0.16843181818181818
39,House,200,Republican,138,0.314,-0.143,0.30347445255474464,-0.1317299270072993
39,House,203,Unconditional Unionist,14,0.1305,0.1755,0.10778571428571428,0.14114285714285715
39,House,206,Unionist,5,-0.255,-0.115,-0.25020000000000003,-0.06020000000000001
39,House,331,Ind. Republican,1,0.371,-0.596,0.371,-0.596
39,Senate,100,Democrat,11,-0.275,0.182,-0.2940909090909092,0.1752727272727273
39,Senate,200,Republican,44,0.27,-0.078,0.23495454545454544,-0.13868181818181816
39,Senate,203,Unconditional Unionist,3,0.025,0.278,0.05566666666666667,0.3866666666666667
39,Senate,206,Unionist,1,-0.289,0.45,-0.289,0.45
40,President,200,Republican,1,,,,
40,House,100,Democrat,51,-0.3565,0.069,-0.3676,0.1506
40,House,112,Conservative,2,-0.034,0.3385,-0.034,0.3385
40,House,200,Republican,178,0.3105,-0.1045,0.3098595505617978,-0.12483707865168542
40,House,331,Ind. Republican,2,0.20799999999999996,0.06749999999999999,0.20799999999999996,0.06749999999999999
40,House,1116,Conservative Republican,1,0.068,0.95,0.068,0.95
40,Senate,100,Democrat,12,-0.4275,0.11649999999999999,-0.428,0.08916666666666667
40,Senate,200,Republican,57,0.286,0.059,0.2555614035087719,0.09624561403508783
41,President,200,Republican,1,0.18,0.018,0.18,0.018
41,House,100,Democrat,72,-0.372,-0.025,-0.3678611111111112,0.05637499999999998
41,House,112,Conservative,6,-0.13299999999999998,0.442,-0.20516666666666664,0.3221666666666667
41,House,200,Republican,180,0.3255,-0.092,0.32267222222222247,-0.10814444444444443
41,Senate,100,Democrat,13,-0.42,-0.136,-0.4483846153846154,-0.09353846153846154
41,Senate,200,Republican,67,0.28049999999999997,0.0315,0.2611363636363636,0.08486363636363639
42,President,200,Republican,1,0.18,0.018,0.18,0.018
42,House,100,Democrat,106,-0.349,-0.018000000000000002,-0.34472641509433954,0.0011320754716981022
42,House,200,Republican,143,0.3265,-0.08,0.32391549295774674,-0.09351408450704222
42,House,208,Liberal Republican,4,-0.057,0.024500000000000022,-0.156,0.05350000000000002
42,House,331,Ind. Republican,1,0.467,0.639,0.467,0.639
42,Senate,100,Democrat,18,-0.4555,-0.236,-0.45788888888888885,-0.22144444444444444
42,Senate,200,Republican,56,0.2845,0.0445,0.2677142857142857,0.04637499999999999
42,Senate,208,Liberal Republican,1,0.022,-0.343,0.022,-0.343
43,President,200,Republican,1,0.18,0.018,0.18,0.018
43,House,100,Democrat,95,-0.3795,-0.0155,-0.37713829787234043,-0.026585106382978726
43,House,200,Republican,206,0.3245,-0.1135,0.3173970588235295,-0.09456372549019616
43,House,208,Liberal Republican,4,-0.267,-0.138,-0.129,-0.0386666666666667
43,House,329,Ind. Democrat,1,-0.556,0.011,-0.556,0.011
43,House,331,Ind. Republican,1,0.223,-0.812,0.223,-0.812
43,Senate,100,Democrat,21,-0.42,-0.139,-0.48161904761904767,-0.19785714285714281
43,Senate,200,Republican,51,0.285,0.124,0.27466666666666667,0.08366666666666667
43,Senate,208,Liberal Republican,7,0.122,-0.343,0.14857142857142858,-0.21885714285714286
44,President,200,Republican,1,0.18,0.018,0.18,0.018
44,House,100,Democrat,189,-0.363,-0.111,-0.3557326203208554,-0.1333262032085561
44,House,200,Republican,111,0.364,-0.155,0.3621621621621623,-0.1341171171171171
44,House,328,Independent,4,0.019500000000000003,0.506,0.024749999999999994,0.3195
44,House,329,Ind. Democrat,1,-0.256,0.246,-0.256,0.246
44,House,331,Ind. Republican,4,0.3645,-0.56,0.37925,-0.4635
44,Senate,100,Democrat,34,-0.42,-0.041,-0.44569696969696965,-0.08960606060606062
44,Senate,200,Republican,47,0.274,0.106,0.2525106382978723,0.0776382978723404
44,Senate,331,Ind. Republican,1,0.104,-0.118,0.104,-0.118
45,President,200,Republican,1,,,,
45,House,100,Democrat,158,-0.3765,-0.084,-0.3734240506329112,-0.15486075949367079
45,House,200,Republican,143,0.379,-0.091,0.3680349650349648,-0.09222377622377619
45,House,329,Ind. Democrat,2,-0.349,0.0595,-0.349,0.0595
45,Senate,100,Democrat,38,-0.4175,-0.037000000000000005,-0.43657894736842107,-0.11352631578947371
45,Senate,200,Republican,43,0.274,0.13,0.26655813953488366,0.10606976744186049
45,Senate,328,Independent,1,-0.06,-0.083,-0.06,-0.083
46,President,200,Republican,1,,,,
46,House,100,Democrat,146,-0.395,-0.048,-0.3909862068965515,-0.04934482758620689
46,House,200,Republican,135,0.399,-0.129,0.39489629629629636,-0.12807407407407412
46,House,326,National Greenbacker,13,-0.036,0.992,-0.012461538461538465,0.8143076923076923
46,House,329,Ind. Democrat,7,-0.3305,0.16649999999999998,-0.35333333333333333,0.16283333333333336
46,Senate,100,Democrat,45,-0.43,-0.039,-0.4526000000000001,-0.11675555555555558
46,Senate,200,Republican,35,0.286,0.059,0.29534285714285713,-0.027171428571428576
46,Senate,328,Independent,1,-0.06,-0.083,-0.06,-0.083
47,President,200,Republican,2,0.095,-0.995,0.095,-0.995
47,House,100,Democrat,137,-0.396,-0.0835,-0.3949779411764705,-0.06818382352941177
47,House,117,Readjuster Democrat,2,-0.008999999999999994,0.4875,-0.008999999999999994,0.4875
47,House,200,Republican,160,0.391,-0.05,0.3877358490566038,-0.050754716981132056
47,House,326,National Greenbacker,10,0.0315,0.9915,0.013100000000000004,0.8629
47,House,328,Independent,1,0.259,-0.291,0.259,-0.291
47,House,329,Ind. Democrat,1,-0.165,0.087,-0.165,0.087
47,Senate,100,Democrat,38,-0.4335,0.007500000000000001,-0.4488157894736843,-0.05276315789473685
47,Senate,114,Readjuster,1,0.397,0.296,0.397,0.296
47,Senate,200,Republican,45,0.314,-0.158,0.3147555555555555,-0.11304444444444446
47,Senate,328,Independent,1,-0.06,-0.083,-0.06,-0.083
48,President,200,Republican,1,0.095,-0.995,0.095,-0.995
48,House,100,Democrat,203,-0.337,-0.062,-0.34691625615763555,-0.052842364532019716
48,House,114,Readjuster,6,0.348,-0.296,0.31620000000000004,-0.1822
48,House,200,Republican,126,0.385,-0.005,0.37748800000000005,0.001823999999999984
48,House,326,National Greenbacker,3,-0.218,0.6,-0.06266666666666666,0.556
48,House,328,Independent,2,-0.178,-0.1455,-0.178,-0.1455
48,House,329,Ind. Democrat,3,-0.042,0.112,-0.20833333333333334,0.272
48,House,331,Ind. Republican,1,0.133,-0.991,0.133,-0.991
48,Senate,100,Democrat,36,-0.4335,-0.052,-0.4494444444444444,-0.09166666666666666
48,Senate,114,Readjuster,2,0.20400000000000001,0.23349999999999999,0.20400000000000001,0.23349999999999999
48,Senate,200,Republican,40,0.308,-0.2515,0.311025,-0.19267499999999999
49,President,100,Democrat,1,-0.362,-0.758,-0.362,-0.758
49,House,100,Democrat,188,-0.357,-0.052,-0.3657058823529411,-0.09301069518716577
49,House,200,Republican,143,0.391,0.022,0.38361538461538464,0.05334265734265736
49,House,326,National Greenbacker,1,-0.078,0.997,-0.078,0.997
49,House,329,Ind. Democrat,1,-0.181,-0.966,-0.181,-0.966
49,Senate,100,Democrat,39,-0.43,-0.071,-0.4458205128205128,-0.12566666666666665
49,Senate,200,Republican,45,0.288,-0.218,0.29806666666666665,-0.15866666666666665
50,President,100,Democrat,1,-0.362,-0.758,-0.362,-0.758
50,House,100,Democrat,171,-0.379,-0.1825,-0.3702529411764705,-0.1956176470588236
50,House,200,Republican,154,0.398,0.048,0.39464052287581713,0.046895424836601335
50,House,326,National Greenbacker,1,-0.078,0.997,-0.078,0.997
50,House,328,Independent,1,0.337,0.016,0.337,0.016
50,House,331,Ind. Republican,2,0.177,0.9764999999999999,0.177,0.9764999999999999
50,House,355,Union,2,-0.156,0.7065,-0.156,0.7065
50,Senate,100,Democrat,37,-0.457,-0.071,-0.4588378378378378,-0.1230810810810811
50,Senate,200,Republican,40,0.287,-0.23049999999999998,0.28857499999999997,-0.1785
51,President,200,Republican,1,0.268,-0.182,0.268,-0.182
51,House,100,Democrat,170,-0.381,-0.206,-0.38360946745562147,-0.22989349112426039
51,House,200,Republican,184,0.408,0.0555,0.4116684782608697,0.09103804347826086
51,House,356,Union Labor,1,0.181,0.139,0.181,0.139
51,Senate,100,Democrat,38,-0.447,-0.07849999999999999,-0.4528421052631579,-0.12407894736842105
51,Senate,200,Republican,53,0.304,-0.183,0.3122264150943397,-0.10445283018867925
52,President,200,Republican,1,0.268,-0.182,0.268,-0.182
52,House,100,Democrat,248,-0.32,-0.206,-0.34145748987854263,-0.2368663967611335
52,House,200,Republican,91,0.426,0.016,0.4249213483146068,0.04412359550561794
52,House,340,Populist,8,-0.159,0.9864999999999999,-0.166125,0.983625
52,Senate,100,Democrat,45,-0.43,-0.086,-0.4411111111111111,-0.18468888888888887
52,Senate,200,Republican,49,0.305,-0.187,0.31065306122448977,-0.11573469387755103
52,Senate,340,Populist,2,-0.083,0.7395,-0.083,0.7395
53,President,100,Democrat,1,-0.362,-0.758,-0.362,-0.758
53,House,100,Democrat,229,-0.339,-0.2015,-0.3514956140350879,-0.2030263157894736
53,House,200,Republican,135,0.439,-0.032,0.4398421052631579,-0.0009548872180451057
53,House,329,Ind. Democrat,2,-0.21650000000000003,-0.738,-0.21650000000000003,-0.738
53,House,340,Populist,11,-0.16,0.986,-0.16463636363636364,0.8920909090909089
53,House,1060,Silver,1,-0.177,-0.067,-0.177,-0.067
53,Senate,100,Democrat,48,-0.4265,-0.0235,-0.43822916666666667,-0.15839583333333332
53,Senate,200,Republican,44,0.3115,-0.185,0.323,-0.13102272727272724
53,Senate,340,Populist,3,-0.108,0.977,-0.12666666666666668,0.8186666666666667
53,Senate,1060,Silver,1,0.252,0.215,0.252,0.215
54,President,100,Democrat,1,-0.362,-0.758,-0.362,-0.758
54,House,100,Democrat,107,-0.422,-0.091,-0.4220291262135923,-0.10036893203883498
54,House,200,Republican,255,0.43,0.052,0.41604347826086974,0.03907114624505927
54,House,340,Populist,9,-0.158,0.974,-0.11233333333333333,0.8963333333333333
54,House,1060,Silver,1,-0.177,-0.067,-0.177,-0.067
54,Senate,100,Democrat,40,-0.41400000000000003,-0.10550000000000001,-0.42285000000000006,-0.17307499999999995
54,Senate,200,Republican,44,0.3215,-0.1525,0.3461818181818182,-0.09086363636363635
54,Senate,340,Populist,4,-0.161,0.976,-0.15025,0.85775
54,Senate,1060,Silver,2,0.22799999999999998,0.2235,0.22799999999999998,0.2235
55,President,200,Republican,1,0.232,0.372,0.232,0.372
55,House,100,Democrat,132,-0.396,0.122,-0.38913636363636384,0.06209090909090914
55,House,200,Republican,212,0.4345,-0.047,0.4304292452830189,-0.04158962264150941
55,House,331,Ind. Republican,1,0.443,-0.085,0.443,-0.085
55,House,340,Populist,22,-0.2535,0.951,-0.24931818181818183,0.9162272727272728
55,House,354,Silver Republican,3,-0.198,0.465,-0.113,0.39266666666666666
55,House,1060,Silver,1,-0.177,-0.067,-0.177,-0.067
55,Senate,100,Democrat,38,-0.424,-0.0,-0.42605405405405405,-0.1261351351351352
55,Senate,200,Republican,46,0.374,-0.303,0.38110869565217387,-0.2948478260869565
55,Senate,340,Populist,5,-0.214,0.968,-0.191,0.8354000000000001
55,Senate,354,Silver Republican,5,0.095,0.825,0.06659999999999999,0.7901999999999999
55,Senate,1060,Silver,2,0.22799999999999998,0.2235,0.22799999999999998,0.2235
56,President,200,Republican,1,0.232,0.372,0.232,0.372
56,House,100,Democrat,170,-0.36,-0.01,-0.3644378698224853,-0.048976331360946763
56,House,200,Republican,197,0.442,-0.005,0.4372639593908631,-0.009670050761421297
56,House,340,Populist,7,-0.298,0.954,-0.3284285714285714,0.8594285714285714
56,House,354,Silver Republican,2,-0.124,0.2495,-0.124,0.2495
56,House,1060,Silver,1,-0.177,-0.067,-0.177,-0.067
56,Senate,100,Democrat,28,-0.4325,-0.061000000000000006,-0.41807142857142854,-0.09689285714285718
56,Senate,200,Republican,57,0.386,-0.2445,0.3968571428571428,-0.21846428571428572
56,Senate,340,Populist,5,-0.214,0.968,-0.191,0.8354000000000001
56,Senate,354,Silver Republican,3,0.071,0.825,0.026999999999999996,0.769
56,Senate,1060,Silver,2,0.22799999999999998,0.2235,0.22799999999999998,0.2235
57,President,200,Republican,2,0.3175,0.425,0.3175,0.425
57,House,100,Democrat,161,-0.3645,0.042499999999999996,-0.3685687500000002,0.012431249999999994
57,House,200,Republican,206,0.4435,-0.0635,0.4476893203883496,-0.04515048543689324
57,House,340,Populist,5,-0.284,0.542,-0.2814,0.524
57,House,354,Silver Republican,1,-0.198,0.121,-0.198,0.121
57,Senate,100,Democrat,32,-0.397,-0.011000000000000001,-0.37374999999999997,-0.019468750000000007
57,Senate,200,Republican,60,0.4015,-0.295,0.3994166666666666,-0.19036666666666666
57,Senate,340,Populist,2,-0.188,0.8765000000000001,-0.188,0.8765000000000001
58,President,200,Republican,1,0.403,0.478,0.403,0.478
58,House,100,Democrat,182,-0.368,0.016,-0.3638522727272728,-0.03982386363636365
58,House,200,Republican,215,0.443,-0.044,0.4496869158878504,-0.006098130841121507
58,House,331,Ind. Republican,3,0.58,-0.808,0.585,-0.7813333333333333
58,Senate,100,Democrat,33,-0.39,-0.144,-0.36054545454545456,-0.14130303030303032
58,Senate,200,Republican,60,0.435,-0.295,0.4337166666666667,-0.19931666666666667
59,President,200,Republican,1,0.403,0.478,0.403,0.478
59,House,100,Democrat,141,-0.395,-0.0075,-0.37977536231884057,-0.03878985507246376
59,House,200,Republican,262,0.444,-0.069,0.4447374517374516,-0.035725868725868776
59,Senate,100,Democrat,35,-0.395,-0.144,-0.3672,-0.13022857142857142
59,Senate,200,Republican,63,0.433,-0.244,0.4358852459016394,-0.15665573770491803
60,President,200,Republican,1,0.403,0.478,0.403,0.478
60,House,100,Democrat,170,-0.3665,-0.009999999999999998,-0.36021428571428576,-0.05423809523809523
60,House,200,Republican,230,0.442,-0.0285,0.438486956521739,-0.0019086956521739368
60,House,331,Ind. Republican,1,0.551,-0.746,0.551,-0.746
60,Senate,100,Democrat,37,-0.3905,-0.176,-0.3609722222222222,-0.18930555555555556
60,Senate,200,Republican,65,0.426,-0.187,0.42590769230769243,-0.09372307692307692
61,President,200,Republican,1,0.175,-0.985,0.175,-0.985
61,House,100,Democrat,180,-0.365,0.018,-0.3526592178770949,-0.017905027932960903
61,House,200,Republican,222,0.432,-0.0505,0.4266936936936936,-0.035319819819819846
61,Senate,100,Democrat,40,-0.38,-0.20450000000000002,-0.3611578947368422,-0.2615526315789475
61,Senate,200,Republican,63,0.417,-0.129,0.4174285714285714,-0.06557142857142856
62,President,200,Republican,1,0.175,-0.985,0.175,-0.985
62,House,100,Democrat,237,-0.32,-0.002,-0.3254683544303797,-0.038704641350210976
62,House,200,Republican,170,0.414,-0.004,0.41353846153846174,0.030633136094674537
62,House,213,Progressive Republican,1,0.11,0.866,0.11,0.866
62,House,380,Socialist,1,0.176,0.635,0.176,0.635
62,Senate,100,Democrat,53,-0.298,-0.162,-0.30964705882352944,-0.1757647058823529
62,Senate,200,Republican,57,0.417,-0.128,0.4074210526315789,-0.02326315789473686
63,President,100,Democrat,1,-0.398,-0.559,-0.398,-0.559
63,House,100,Democrat,305,-0.304,0.025,-0.30801328903654485,-0.045524916943521614
63,House,200,Republican,139,0.4005,0.12,0.403644927536232,0.04931884057971016
63,House,328,Independent,1,0.083,0.203,0.083,0.203
63,House,370,Progressive,9,0.29,0.557,0.28855555555555557,0.40066666666666667
63,Senate,100,Democrat,56,-0.278,-0.141,-0.2809464285714286,-0.1495892857142857
63,Senate,200,Republican,44,0.4175,-0.038,0.40688636363636355,0.03036363636363634
63,Senate,370,Progressive,1,0.199,0.341,0.199,0.341
64,President,100,Democrat,1,-0.398,-0.559,-0.398,-0.559
64,House,100,Democrat,235,-0.318,0.169,-0.3137905982905983,0.0823974358974359
64,House,200,Republican,200,0.4105,0.013,0.40984000000000004,-0.04439499999999999
64,House,328,Independent,1,0.083,0.203,0.083,0.203
64,House,347,Prohibitionist,1,0.026,0.591,0.026,0.591
64,House,370,Progressive,6,0.313,-0.059000000000000004,0.24583333333333332,-0.03316666666666668
64,House,380,Socialist,1,-0.026,0.512,-0.026,0.512
64,Senate,100,Democrat,58,-0.2865,-0.0635,-0.2846896551724138,-0.09534482758620685
64,Senate,200,Republican,42,0.432,-0.0495,0.4216666666666667,0.024833333333333336
65,President,100,Democrat,1,-0.398,-0.559,-0.398,-0.559
65,House,100,Democrat,226,-0.312,0.201,-0.30764888888888886,0.11936444444444454
65,House,200,Republican,225,0.4,0.0,0.4080403587443945,-0.0301614349775785
65,House,331,Ind. Republican,1,0.178,0.036,0.178,0.036
65,House,347,Prohibitionist,1,0.026,0.591,0.026,0.591
65,House,370,Progressive,3,0.214,0.233,0.13433333333333333,0.29133333333333333
65,House,380,Socialist,1,-0.026,0.512,-0.026,0.512
65,Senate,100,Democrat,62,-0.269,-0.137,-0.2786065573770491,-0.12242622950819668
65,Senate,200,Republican,49,0.403,-0.044,0.41863829787234047,0.0334468085106383
66,President,100,Democrat,1,-0.398,-0.559,-0.398,-0.559
66,House,100,Democrat,204,-0.3195,0.2575,-0.31084803921568627,0.1200441176470589
66,House,200,Republican,248,0.4095,0.058499999999999996,0.40450000000000014,0.001862903225806465
66,House,331,Ind. Republican,1,0.194,0.981,0.194,0.981
66,House,347,Prohibitionist,1,0.026,0.591,0.026,0.591
66,House,356,Union Labor,1,-0.077,0.786,-0.077,0.786
66,Senate,100,Democrat,50,-0.281,-0.14,-0.29324,-0.15807999999999997
66,Senate,200,Republican,51,0.426,-0.055,0.42507843137254897,0.0330392156862745
67,President,200,Republican,1,0.445,-0.748,0.445,-0.748
67,House,100,Democrat,138,-0.312,0.4085,-0.30960869565217397,0.3182536231884059
67,House,200,Republican,313,0.403,0.041,0.39454340836012863,0.005961414790996818
67,House,331,Ind. Republican,1,0.452,-0.062,0.452,-0.062
67,House,380,Socialist,1,-0.026,0.512,-0.026,0.512
67,Senate,100,Democrat,40,-0.269,-0.137,-0.2864102564102565,-0.13879487179487177
67,Senate,200,Republican,67,0.432,0.045,0.42074242424242414,0.06345454545454546
68,President,200,Republican,2,0.4205,-0.219,0.4205,-0.219
68,House,100,Democrat,218,-0.279,0.383,-0.288557603686636,0.24305990783410164
68,House,200,Republican,233,0.413,0.109,0.4071373390557938,0.05368240343347641
68,House,380,Socialist,1,0.176,0.635,0.176,0.635
68,House,537,Farmer-Labor,2,0.151,0.9884999999999999,0.151,0.9884999999999999
68,Senate,100,Democrat,43,-0.259,-0.028,-0.25327906976744197,-0.09018604651162793
68,Senate,200,Republican,59,0.43,0.057,0.41389830508474573,0.060830508474576266
68,Senate,537,Farmer-Labor,2,0.19,0.9079999999999999,0.19,0.9079999999999999
69,President,200,Republican,1,0.396,0.31,0.396,0.31
69,House,100,Democrat,185,-0.265,0.521,-0.28051891891891895,0.3290486486486488
69,House,200,Republican,253,0.401,0.052500000000000005,0.39469599999999994,0.008623999999999984
69,House,380,Socialist,1,0.176,0.635,0.176,0.635
69,House,523,American Labor,1,0.208,0.66,0.208,0.66
69,House,537,Farmer-Labor,3,0.151,0.988,0.075,0.9209999999999999
69,Senate,100,Democrat,43,-0.267,-0.055,-0.26865116279069773,-0.09153488372093022
69,Senate,200,Republican,61,0.419,0.14,0.3979672131147541,0.14557377049180328
69,Senate,537,Farmer-Labor,1,0.21,0.978,0.21,0.978
70,President,200,Republican,1,0.396,0.31,0.396,0.31
70,House,100,Democrat,198,-0.2655,0.523,-0.285979797979798,0.30901010101010107
70,House,200,Republican,243,0.39,0.055,0.38240248962655576,0.019983402489626538
70,House,380,Socialist,1,0.176,0.635,0.176,0.635
70,House,537,Farmer-Labor,2,0.037,0.887,0.037,0.887
70,Senate,100,Democrat,48,-0.263,-0.034,-0.2726875,-0.05002083333333332
70,Senate,200,Republican,54,0.417,0.14,0.39249056603773586,0.14873584905660378
70,Senate,537,Farmer-Labor,1,0.21,0.978,0.21,0.978
71,President,200,Republican,1,,,,
71,House,100,Democrat,177,-0.265,0.515,-0.28365317919075134,0.2981618497109828
71,House,200,Republican,278,0.376,0.054,0.3688700361010829,0.014635379061371865
71,House,537,Farmer-Labor,2,-0.013999999999999999,0.349,-0.013999999999999999,0.349
71,Senate,100,Democrat,44,-0.268,0.0005000000000000004,-0.27847727272727274,0.012613636363636353
71,Senate,200,Republican,64,0.4185,0.0465,0.40342187500000004,0.06815625
71,Senate,537,Farmer-Labor,1,0.21,0.978,0.21,0.978
72,President,200,Republican,1,,,,
72,House,100,Democrat,231,-0.249,0.503,-0.25569264069264064,0.3235974025974025
72,House,200,Republican,221,0.3775,-0.026,0.36033181818181814,-0.035872727272727285
72,House,537,Farmer-Labor,1,-0.179,-0.29,-0.179,-0.29
72,Senate,100,Democrat,53,-0.2365,0.1155,-0.2273846153846155,0.16390384615384618
72,Senate,200,Republican,52,0.3705,0.07400000000000001,0.3671346153846154,0.08121153846153842
72,Senate,537,Farmer-Labor,1,0.21,0.978,0.21,0.978
73,President,100,Democrat,1,-0.368,0.245,-0.368,0.245
73,House,100,Democrat,322,-0.2415,0.3105,-0.25148757763975144,0.21526397515527954
73,House,200,Republican,120,0.348,-0.2025,0.3310916666666668,-0.24065
73,House,537,Farmer-Labor,5,0.17,0.435,0.10659999999999999,0.45619999999999994
73,Senate,100,Democrat,65,-0.221,0.243,-0.20793846153846166,0.24610769230769228
73,Senate,200,Republican,37,0.323,0.048,0.3319459459459459,0.09632432432432432
73,Senate,537,Farmer-Labor,1,0.21,0.978,0.21,0.978
74,President,100,Democrat,1,-0.368,0.245,-0.368,0.245
74,House,100,Democrat,329,-0.243,0.166,-0.25562079510703356,0.1816330275229358
74,House,200,Republican,105,0.318,-0.243,0.30507619047619056,-0.2701238095238096
74,House,370,Progressive,7,-0.119,-0.744,-0.10757142857142858,-0.448
74,House,537,Farmer-Labor,3,-0.179,-0.29,-0.07666666666666667,0.03099999999999999
74,Senate,100,Democrat,77,-0.209,0.243,-0.20784000000000008,0.2311333333333333
74,Senate,200,Republican,26,0.276,0.217,0.29719999999999996,0.1726
74,Senate,370,Progressive,1,0.048,0.95,0.048,0.95
74,Senate,537,Farmer-Labor,2,0.11499999999999999,0.989,0.11499999999999999,0.989
75,President,100,Democrat,1,-0.368,0.245,-0.368,0.245
75,House,100,Democrat,343,-0.239,0.1355,-0.25597058823529406,0.16920000000000007
75,House,200,Republican,94,0.318,-0.16,0.3135376344086023,-0.17730107526881714
75,House,370,Progressive,8,-0.14150000000000001,-0.5085,-0.15075,-0.42125
75,House,537,Farmer-Labor,5,-0.28,-0.936,-0.2782,-0.7458
75,Senate,100,Democrat,84,-0.2275,0.24,-0.2276463414634147,0.24250000000000002
75,Senate,200,Republican,19,0.255,-0.018,0.2668823529411764,0.04182352941176473
75,Senate,328,Independent,1,0.134,0.991,0.134,0.991
75,Senate,370,Progressive,1,0.048,0.95,0.048,0.95
75,Senate,537,Farmer-Labor,2,0.2135,0.977,0.2135,0.977
76,President,100,Democrat,1,-0.368,0.245,-0.368,0.245
76,House,100,Democrat,276,-0.232,0.358,-0.24912454212454216,0.2743809523809525
76,House,200,Republican,178,0.3025,-0.2435,0.3081629213483146,-0.2498932584269663
76,House,370,Progressive,2,-0.101,-0.5375000000000001,-0.101,-0.5375000000000001
76,House,522,American Labor,1,-0.415,-0.91,-0.415,-0.91
76,House,537,Farmer-Labor,1,-0.268,-0.593,-0.268,-0.593
76,Senate,100,Democrat,73,-0.224,0.243,-0.2204931506849316,0.26094520547945205
76,Senate,200,Republican,27,0.246,-0.172,0.25392592592592583,-0.10059259259259258
76,Senate,328,Independent,1,0.134,0.991,0.134,0.991
76,Senate,370,Progressive,1,0.048,0.95,0.048,0.95
76,Senate,537,Farmer-Labor,2,0.2135,0.977,0.2135,0.977
77,President,100,Democrat,1,-0.368,0.245,-0.368,0.245
77,House,100,Democrat,278,-0.2375,0.2735,-0.25759782608695647,0.26238768115942035
77,House,200,Republican,170,0.316,-0.2095,0.3129107142857142,-0.2400416666666667
77,House,329,Ind. Democrat,1,-0.302,0.6,-0.302,0.6
77,House,370,Progressive,3,-0.119,-0.744,-0.107,-0.6063333333333334
77,House,522,American Labor,1,-0.415,-0.91,-0.415,-0.91
77,House,537,Farmer-Labor,1,-0.268,-0.593,-0.268,-0.593
77,Senate,100,Democrat,76,-0.221,0.312,-0.21764383561643838,0.30730136986301365
77,Senate,200,Republican,31,0.254,-0.098,0.2541666666666666,-0.09436666666666667
77,Senate,328,Independent,1,0.134,0.991,0.134,0.991
77,Senate,370,Progressive,1,0.048,0.95,0.048,0.95
78,President,100,Democrat,1,-0.368,0.245,-0.368,0.245
78,House,100,Democrat,229,-0.2295,0.509,-0.24857456140350867,0.3619385964912283
78,House,200,Republican,218,0.3025,-0.267,0.30172018348623836,-0.2812614678899083
78,House,370,Progressive,2,-0.0785,-0.5085,-0.0785,-0.5085
78,House,522,American Labor,1,-0.415,-0.91,-0.415,-0.91
78,House,537,Farmer-Labor,1,0.099,-0.031,0.099,-0.031
78,Senate,100,Democrat,61,-0.191,0.314,-0.19513333333333335,0.27979999999999994
78,Senate,200,Republican,42,0.277,-0.041,0.29173809523809524,-0.09192857142857144
78,Senate,370,Progressive,1,0.048,0.95,0.048,0.95
79,President,100,Democrat,2,-0.371,0.1295,-0.371,0.1295
79,House,100,Democrat,250,-0.2575,0.404,-0.26460399999999995,0.3379000000000002
79,House,200,Republican,195,0.297,-0.243,0.3034564102564103,-0.24404615384615388
79,House,370,Progressive,1,-0.038,-0.273,-0.038,-0.273
79,House,522,American Labor,1,-0.415,-0.91,-0.415,-0.91
79,Senate,100,Democrat,66,-0.209,0.334,-0.21900000000000006,0.3218153846153846
79,Senate,200,Republican,42,0.271,-0.1365,0.274952380952381,-0.15100000000000002
79,Senate,370,Progressive,1,0.048,0.95,0.048,0.95
80,President,100,Democrat,1,-0.374,0.014,-0.374,0.014
80,House,100,Democrat,194,-0.2195,0.6275,-0.23732474226804137,0.4874587628865981
80,House,200,Republican,253,0.278,-0.3,0.28534387351778656,-0.3126600790513834
80,House,522,American Labor,2,-0.7075,-0.464,-0.7075,-0.464
80,Senate,100,Democrat,47,-0.195,0.564,-0.191531914893617,0.46629787234042547
80,Senate,200,Republican,51,0.287,-0.172,0.2927843137254903,-0.20268627450980395
81,President,100,Democrat,1,-0.374,0.014,-0.374,0.014
81,House,100,Democrat,267,-0.303,0.344,-0.27556928838951317,0.3578764044943821
81,House,200,Republican,176,0.2715,-0.2365,0.2770056818181818,-0.25428409090909093
81,House,402,Liberal,1,-0.619,-0.188,-0.619,-0.188
81,House,522,American Labor,1,-0.415,-0.91,-0.415,-0.91
81,Senate,100,Democrat,62,-0.221,0.357,-0.23939344262295084,0.36259016393442617
81,Senate,200,Republican,47,0.248,-0.247,0.2665319148936171,-0.2891702127659575
82,President,100,Democrat,1,-0.374,0.014,-0.374,0.014
82,House,100,Democrat,240,-0.2855,0.4305,-0.26233333333333336,0.421
82,House,200,Republican,207,0.271,-0.219,0.2800193236714977,-0.255183574879227
82,House,328,Independent,1,-0.151,-0.025,-0.151,-0.025
82,Senate,100,Democrat,51,-0.206,0.477,-0.2003333333333334,0.4152156862745097
82,Senate,200,Republican,48,0.273,-0.325,0.276,-0.29039583333333335
83,President,200,Republican,1,0.281,-0.864,0.281,-0.864
83,House,100,Democrat,218,-0.271,0.5655,-0.2533440366972476,0.4754816513761466
83,House,200,Republican,222,0.2745,-0.2285,0.2776576576576577,-0.24605405405405398
83,House,328,Independent,1,-0.151,-0.025,-0.151,-0.025
83,Senate,100,Democrat,54,-0.204,0.528,-0.19179245283018873,0.47145283018867923
83,Senate,200,Republican,56,0.273,-0.389,0.2867962962962964,-0.3575925925925926
83,Senate,328,Independent,1,-0.851,0.525,-0.851,0.525
84,President,200,Republican,1,0.281,-0.864,0.281,-0.864
84,House,100,Democrat,235,-0.305,0.407,-0.2790978723404255,0.43966382978723384
84,House,200,Republican,203,0.268,-0.214,0.27725123152709374,-0.21974384236453193
84,Senate,100,Democrat,51,-0.242,0.428,-0.23023529411764712,0.4258627450980391
84,Senate,200,Republican,47,0.28,-0.334,0.2804893617021277,-0.3255957446808511
84,Senate,328,Independent,1,-0.851,0.525,-0.851,0.525
85,President,200,Republican,1,0.281,-0.864,0.281,-0.864
85,House,100,Democrat,240,-0.306,0.4435,-0.2827791666666667,0.46232916666666635
85,House,200,Republican,204,0.2645,-0.2365,0.26822058823529427,-0.24694117647058822
85,Senate,100,Democrat,53,-0.242,0.525,-0.23396226415094343,0.4559433962264149
85,Senate,200,Republican,48,0.28,-0.35750000000000004,0.26785416666666667,-0.3371458333333333
86,President,200,Republican,1,0.281,-0.864,0.281,-0.864
86,House,100,Democrat,286,-0.313,0.349,-0.2957097902097901,0.41460489510489495
86,House,200,Republican,157,0.255,-0.232,0.2667179487179488,-0.22836538461538447
86,House,329,Ind. Democrat,1,0.011,1.0,0.011,1.0
86,Senate,100,Democrat,67,-0.265,0.387,-0.27244776119402986,0.36885074626865666
86,Senate,200,Republican,36,0.257,-0.389,0.2559444444444445,-0.3635277777777779
87,President,100,Democrat,1,-0.472,-0.487,-0.472,-0.487
87,House,100,Democrat,273,-0.304,0.352,-0.2772857142857143,0.420307692307692
87,House,200,Republican,177,0.2445,-0.1915,0.2623693181818182,-0.22107954545454536
87,Senate,100,Democrat,65,-0.296,0.391,-0.2778923076923077,0.38735384615384605
87,Senate,200,Republican,40,0.2775,-0.4,0.26895,-0.3872000000000001
88,President,100,Democrat,2,-0.40449999999999997,-0.261,-0.40449999999999997,-0.261
88,House,100,Democrat,262,-0.3275,0.324,-0.29204580152671755,0.3838778625954199
88,House,200,Republican,181,0.25,-0.187,0.2560165745856354,-0.21572928176795567
88,Senate,100,Democrat,69,-0.311,0.31,-0.2911739130434783,0.34088405797101434
88,Senate,200,Republican,33,0.232,-0.434,0.2784242424242424,-0.42957575757575767
89,President,100,Democrat,1,-0.337,-0.035,-0.337,-0.035
89,House,100,Democrat,301,-0.327,0.229,-0.3007641196013288,0.3066976744186047
89,House,200,Republican,143,0.243,-0.192,0.24582517482517477,-0.20940559440559436
89,Senate,100,Democrat,70,-0.316,0.31,-0.29727142857142863,0.3352571428571427
89,Senate,200,Republican,33,0.308,-0.418,0.27957575757575753,-0.38824242424242433
90,President,100,Democrat,1,-0.337,-0.035,-0.337,-0.035
90,House,100,Democrat,250,-0.3425,0.2365,-0.29551999999999995,0.3177279999999999
90,House,200,Republican,189,0.241,-0.157,0.24302645502645495,-0.1925925925925926
90,Senate,100,Democrat,64,-0.312,0.31,-0.29890625000000004,0.3414374999999997
90,Senate,200,Republican,37,0.275,-0.434,0.25300000000000006,-0.42678378378378384
91,President,200,Republican,1,0.552,-0.834,0.552,-0.834
91,House,100,Democrat,250,-0.3445,0.2275,-0.3097680000000001,0.289128
91,House,200,Republican,199,0.244,-0.13,0.25462311557788936,-0.17728140703517575
91,Senate,100,Democrat,58,-0.319,0.2545,-0.289051724137931,0.34599999999999986
91,Senate,200,Republican,44,0.273,-0.4435,0.2508409090909091,-0.4462045454545454
92,President,200,Republican,1,0.552,-0.834,0.552,-0.834
92,House,100,Democrat,259,-0.344,0.256,-0.3105482625482627,0.2947104247104247
92,House,200,Republican,185,0.246,-0.144,0.25439999999999996,-0.17674594594594595
92,Senate,100,Democrat,56,-0.31,0.27149999999999996,-0.28675,0.3557857142857141
92,Senate,112,Conservative,1,0.499,-0.441,0.499,-0.441
92,Senate,200,Republican,45,0.271,-0.445,0.2332222222222222,-0.4587555555555556
92,Senate,328,Independent,1,0.092,0.968,0.092,0.968
93,President,200,Republican,2,0.529,-0.79,0.529,-0.79
93,House,100,Democrat,246,-0.3505,0.217,-0.32346747967479694,0.23640650406504066
93,House,200,Republican,195,0.25,-0.118,0.26094358974358967,-0.14995897435897435
93,House,329,Ind. Democrat,1,-0.418,-0.054,-0.418,-0.054
93,Senate,100,Democrat,57,-0.319,0.254,-0.325842105263158,0.29577192982456135
93,Senate,112,Conservative,1,0.499,-0.441,0.499,-0.441
93,Senate,200,Republican,43,0.278,-0.434,0.2648372093023256,-0.38372093023255804
93,Senate,328,Independent,1,0.092,0.968,0.092,0.968
94,President,200,Republican,1,0.506,-0.746,0.506,-0.746
94,House,100,Democrat,294,-0.3385,0.11649999999999999,-0.31528911564625856,0.14188095238095233
94,House,200,Republican,147,0.25,-0.118,0.2649387755102041,-0.17512244897959178
94,Senate,100,Democrat,61,-0.319,0.223,-0.32454098360655736,0.2748688524590164
94,Senate,112,Conservative,1,0.499,-0.441,0.499,-0.441
94,Senate,200,Republican,38,0.28049999999999997,-0.4175,0.27084210526315794,-0.37828947368421045
94,Senate,328,Independent,1,0.092,0.968,0.092,0.968
95,President,100,Democrat,1,-0.504,0.119,-0.504,0.119
95,House,100,Democrat,294,-0.3235,0.111,-0.3058979591836733,0.11872789115646258
95,House,200,Republican,147,0.262,-0.132,0.26707482993197285,-0.17862585034013598
95,Senate,100,Democrat,65,-0.329,0.31,-0.3196461538461539,0.29378461538461526
95,Senate,200,Republican,38,0.2935,-0.4605,0.2690263157894737,-0.40557894736842104
95,Senate,328,Independent,1,0.092,0.968,0.092,0.968
96,President,100,Democrat,1,-0.504,0.119,-0.504,0.119
96,House,100,Democrat,281,-0.321,0.094,-0.30131672597864756,0.10969395017793594
96,House,200,Republican,161,0.281,-0.154,0.29471428571428565,-0.17859627329192543
96,Senate,100,Democrat,59,-0.319,0.209,-0.3128644067796611,0.26228813559322034
96,Senate,200,Republican,41,0.275,-0.445,0.2766341463414633,-0.39497560975609763
96,Senate,328,Independent,1,0.092,0.968,0.092,0.968
97,President,200,Republican,1,0.692,-0.713,0.692,-0.713
97,House,100,Democrat,247,-0.32,0.07,-0.30039676113360303,0.09217408906882588
97,House,200,Republican,196,0.307,-0.1675,0.3064642857142857,-0.19877551020408168
97,House,328,Independent,1,-0.506,-0.057,-0.506,-0.057
97,Senate,100,Democrat,46,-0.314,0.311,-0.29930434782608695,0.2607608695652173
97,Senate,200,Republican,54,0.294,-0.313,0.31031481481481477,-0.3174074074074074
97,Senate,328,Independent,1,0.092,0.968,0.092,0.968
98,President,200,Republican,1,0.692,-0.713,0.692,-0.713
98,House,100,Democrat,272,-0.317,0.049,-0.30179044117647047,0.07078676470588234
98,House,200,Republican,168,0.328,-0.18,0.3256047904191617,-0.20673652694610778
98,Senate,100,Democrat,46,-0.314,0.2595,-0.30132608695652174,0.24667391304347822
98,Senate,200,Republican,55,0.283,-0.279,0.30714545454545444,-0.30354545454545456
99,President,200,Republican,1,0.692,-0.713,0.692,-0.713
99,House,100,Democrat,257,-0.32,0.058,-0.3095330739299608,0.08185992217898833
99,House,200,Republican,182,0.344,-0.20650000000000002,0.33371978021978027,-0.21239560439560434
99,Senate,100,Democrat,47,-0.322,0.155,-0.30559574468085116,0.21527659574468086
99,Senate,200,Republican,54,0.281,-0.267,0.31398148148148136,-0.28455555555555556
100,President,200,Republican,1,0.692,-0.713,0.692,-0.713
100,House,100,Democrat,262,-0.32,0.049,-0.3093358778625952,0.08473664122137407
100,House,200,Republican,179,0.346,-0.221,0.3353296089385476,-0.2330726256983241
100,Senate,100,Democrat,55,-0.313,0.137,-0.2943636363636364,0.2002545454545454
100,Senate,200,Republican,46,0.3025,-0.30800000000000005,0.3138478260869564,-0.33408695652173914
101,President,200,Republican,1,0.557,-0.547,0.557,-0.547
101,House,100,Democrat,265,-0.32,0.012,-0.3130603773584904,0.08089811320754721
101,House,200,Republican,180,0.344,-0.225,0.3396333333333334,-0.24802777777777785
101,Senate,100,Democrat,56,-0.306,0.031,-0.2934285714285715,0.12326785714285715
101,Senate,200,Republican,46,0.316,-0.30000000000000004,0.32280434782608686,-0.30143478260869566
102,President,200,Republican,1,0.557,-0.547,0.557,-0.547
102,House,100,Democrat,270,-0.3195,0.0115,-0.31424074074074054,0.08030370370370372
102,House,200,Republican,170,0.3495,-0.2115,0.3447235294117647,-0.22915294117647053
102,House,328,Independent,1,-0.532,-0.401,-0.532,-0.401
102,Senate,100,Democrat,58,-0.311,0.01,-0.2991724137931035,0.1060172413793103
102,Senate,200,Republican,44,0.307,-0.3015,0.3195909090909089,-0.30622727272727274
103,President,100,Democrat,1,-0.438,0.033,-0.438,0.033
103,House,100,Democrat,266,-0.336,-0.002,-0.33331417624521076,0.06973946360153255
103,House,200,Republican,180,0.377,-0.1435,0.3710111111111112,-0.1819333333333333
103,House,328,Independent,1,-0.532,-0.401,-0.532,-0.401
103,Senate,100,Democrat,57,-0.309,-0.012,-0.29619298245614034,0.07424561403508773
103,Senate,200,Republican,45,0.346,-0.275,0.3374888888888888,-0.2675111111111111
104,President,100,Democrat,1,-0.438,0.033,-0.438,0.033
104,House,100,Democrat,208,-0.3805,-0.004,-0.36142788461538433,0.061384615384615385
104,House,200,Republican,236,0.385,-0.0905,0.39680932203389857,-0.11802542372881351
104,House,328,Independent,1,-0.532,-0.401,-0.532,-0.401
104,Senate,100,Democrat,48,-0.3085,-0.0485,-0.30152083333333335,0.0085
104,Senate,200,Republican,55,0.356,-0.234,0.35094545454545456,-0.2319090909090909
105,President,100,Democrat,1,-0.438,0.033,-0.438,0.033
105,House,100,Democrat,212,-0.3835,-0.0305,-0.3755990566037734,0.03610377358490566
105,House,200,Republican,231,0.388,-0.053,0.40169696969696994,-0.07384848484848487
105,House,328,Independent,1,-0.532,-0.401,-0.532,-0.401
105,Senate,100,Democrat,45,-0.308,-0.067,-0.31048888888888887,-0.049555555555555575
105,Senate,200,Republican,55,0.381,-0.181,0.37343636363636373,-0.17785454545454543
106,President,100,Democrat,1,-0.438,0.033,-0.438,0.033
106,House,100,Democrat,213,-0.384,-0.026,-0.37287793427230026,0.0442910798122066
106,House,200,Republican,225,0.388,-0.026,0.40421777777777795,-0.0569466666666667
106,House,328,Independent,2,0.025499999999999967,0.07,0.025499999999999967,0.07
106,Senate,100,Democrat,46,-0.302,-0.0855,-0.2948478260869565,-0.06289130434782611
106,Senate,200,Republican,56,0.3735,-0.188,0.3635000000000001,-0.21901785714285713
107,President,200,Republican,1,0.693,-0.539,0.693,-0.539
107,House,100,Democrat,214,-0.3845,-0.0325,-0.3768224299065418,0.03988317757009345
107,House,200,Republican,228,0.402,0.0085,0.4098333333333335,-0.028548245614035107
107,House,328,Independent,2,0.025499999999999967,0.07,0.025499999999999967,0.07
107,Senate,100,Democrat,50,-0.3065,-0.079,-0.29473999999999995,-0.04156000000000001
107,Senate,200,Republican,50,0.3815,-0.1295,0.3684000000000001,-0.19556
107,Senate,328,Independent,2,-0.277,-0.603,-0.277,-0.603
108,President,200,Republican,1,0.693,-0.539,0.693,-0.539
108,House,100,Democrat,208,-0.3825,-0.036000000000000004,-0.3762019230769228,0.04779807692307691
108,House,200,Republican,231,0.402,0.021,0.41683982683982707,-0.009770562770562777
108,House,328,Independent,1,-0.532,-0.401,-0.532,-0.401
108,Senate,100,Democrat,48,-0.3085,-0.079,-0.29195833333333326,-0.04093750000000001
108,Senate,200,Republican,51,0.364,-0.128,0.35780392156862756,-0.18837254901960784
108,Senate,328,Independent,1,-0.277,-0.603,-0.277,-0.603
109,President,200,Republican,1,0.693,-0.539,0.693,-0.539
109,House,100,Democrat,203,-0.391,-0.04,-0.38713300492610825,0.03109852216748767
109,House,200,Republican,236,0.411,0.022,0.42291914893617044,-0.001689361702127655
109,House,328,Independent,1,-0.532,-0.401,-0.532,-0.401
109,Senate,100,Democrat,45,-0.326,-0.128,-0.30782222222222216,-0.09868888888888891
109,Senate,200,Republican,55,0.382,-0.121,0.37798181818181836,-0.16505454545454545
109,Senate,328,Independent,1,-0.277,-0.603,-0.277,-0.603
110,President,200,Republican,1,0.693,-0.539,0.693,-0.539
110,House,100,Democrat,246,-0.3795,-0.0075,-0.3679256198347108,0.04472727272727273
110,House,200,Republican,207,0.4255,0.0605,0.4397475728155341,0.028184466019417494
110,Senate,100,Democrat,50,-0.314,-0.1185,-0.29555999999999993,-0.08481999999999999
110,Senate,200,Republican,51,0.395,-0.11,0.3915882352941178,-0.14162745098039217
110,Senate,328,Independent,1,-0.532,-0.401,-0.532,-0.401
111,President,100,Democrat,1,-0.358,-0.197,-0.358,-0.197
111,House,100,Democrat,269,-0.35,-0.007,-0.3481102661596958,0.03911787072243346
111,House,200,Republican,183,0.442,0.061,0.4565027322404374,0.03077049180327869
111,House,328,Independent,2,,,,
111,Senate,100,Democrat,66,-0.3165,-0.095,-0.3089848484848485,-0.07178787878787878
111,Senate,200,Republican,44,0.3985,-0.0645,0.3973636363636364,-0.11670454545454549
111,Senate,328,Independent,1,-0.532,-0.401,-0.532,-0.401
112,President,100,Democrat,1,-0.358,-0.197,-0.358,-0.197
112,House,100,Democrat,200,-0.3985,-0.0745,-0.3931150000000002,-0.03267500000000001
112,House,200,Republican,245,0.467,0.047,0.4682408163265307,0.03473877551020407
112,Senate,100,Democrat,53,-0.319,-0.116,-0.3008679245283019,-0.0710943396226415
112,Senate,200,Republican,48,0.4145,-0.0645,0.44268750000000007,-0.08562500000000002
112,Senate,328,Independent,1,-0.532,-0.401,-0.532,-0.401
113,President,100,Democrat,1,-0.358,-0.197,-0.358,-0.197
113,House,100,Democrat,204,-0.394,-0.0785,-0.3843333333333336,-0.07079411764705881
113,House,200,Republican,240,0.4905,0.086,0.48324583333333343,0.04447916666666666
113,Senate,100,Democrat,57,-0.33,-0.121,-0.32729824561403514,-0.07894736842105268
113,Senate,200,Republican,46,0.419,-0.008,0.4695434782608697,-0.04300000000000001
113,Senate,328,Independent,2,-0.34550000000000003,-0.3085,-0.34550000000000003,-0.3085
114,President,100,Democrat,1,-0.358,-0.197,-0.358,-0.197
114,House,100,Democrat,190,-0.4,-0.0785,-0.39505263157894766,-0.07781578947368421
114,House,200,Republican,251,0.49,0.081,0.4812151394422311,0.04295617529880475
114,Senate,100,Democrat,44,-0.3365,-0.1545,-0.334659090909091,-0.12715909090909092
114,Senate,200,Republican,54,0.4445,-0.045,0.47837037037037045,-0.05492592592592593
114,Senate,328,Independent,2,-0.34550000000000003,-0.3085,-0.34550000000000003,-0.3085
115,President,200,Republican,1,0.403,0.162,0.403,0.162
115,House,100,Democrat,200,-0.3955,-0.07,-0.39087500000000025,-0.055445
115,House,200,Republican,250,0.5005,0.077,0.49033999999999994,0.039883999999999975
115,Senate,100,Democrat,48,-0.339,-0.131,-0.3363750000000001,-0.10543750000000002
115,Senate,200,Republican,55,0.462,-0.011,0.4896181818181819,-0.03054545454545455
115,Senate,328,Independent,2,-0.34550000000000003,-0.3085,-0.34550000000000003,-0.3085
116,President,200,Republican,1,0.403,0.162,0.403,0.162
116,House,100,Democrat,241,-0.377,-0.008,-0.3705593220338986,0.005949152542372884
116,House,200,Republican,208,0.513,0.1015,0.5027524271844659,0.05980582524271841
116,House,328,Independent,2,0.359,-0.933,0.359,-0.933
116,Senate,100,Democrat,46,-0.339,-0.131,-0.34228260869565225,-0.11491304347826092
116,Senate,200,Republican,54,0.463,0.011,0.4984074074074074,0.0252962962962963
116,Senate,328,Independent,2,-0.34550000000000003,-0.3085,-0.34550000000000003,-0.3085
117,President,100,Democrat,1,-0.32,0.283,-0.32,0.283
117,President,200,Republican,1,0.403,0.162,0.403,0.162
117,House,100,Democrat,225,-0.381,-0.031,-0.3801022222222224,-0.030057777777777798
117,House,200,Republican,215,0.51,0.121,0.5056186046511628,0.07868837209302325
117,Senate,100,Democrat,49,-0.348,-0.123,-0.348530612244898,-0.10353061224489798
117,Senate,200,Republican,51,0.5,0.028,0.5246470588235294,0.015490196078431377
117,Senate,328,Independent,2,-0.34550000000000003,-0.3085,-0.34550000000000003,-0.3085
